filename,label
weap\0200778_20220903_threat_8396_180.png,1
weap\0200778_20220904_threat_9012_80.png,1
weap\0200869_220904_carrying_9837_320.png,1
weap\0200869_220904_threat_4494_100.png,1
weap\0200869_220904_threat_4494_220.png,1
weap\0200869_220904_threat_4494_240.png,1
weap\0200869_220904_threat_4494_260.png,1
weap\0200869_220904_threat_4494_300.png,1
weap\0200869_220904_threat_4494_380.png,1
weap\0200869_220904_threat_4494_420.png,1
weap\0200869_220904_threat_4494_460.png,1
weap\0200869_220904_threat_6503_120.png,1
weap\0200869_220904_threat_6503_140.png,1
weap\0200869_220904_threat_6503_160.png,1
weap\0200869_220904_threat_6503_180.png,1
weap\0200869_220904_threat_6503_200.png,1
weap\0200869_220904_threat_6503_240.png,1
weap\0200869_220904_threat_6503_260.png,1
weap\0200869_220904_threat_6503_280.png,1
weap\0200869_220904_threat_6503_300.png,1
weap\0200869_220904_threat_6503_320.png,1
weap\0200869_220904_threat_6503_340.png,1
weap\0200869_220904_threat_6503_360.png,1
weap\0200869_220904_threat_6503_380.png,1
weap\0200869_220904_threat_6503_400.png,1
weap\0200869_220904_threat_6503_420.png,1
weap\0200869_220904_threat_6503_440.png,1
weap\0200869_220904_threat_6503_460.png,1
weap\0200869_220904_threat_6503_480.png,1
weap\0200869_220904_threat_6503_500.png,1
weap\0200869_220904_threat_6503_520.png,1
weap\0200869_220904_threat_6503_540.png,1
weap\0200869_220904_threat_6503_560.png,1
weap\0200869_220904_threat_7069_100.png,1
weap\0200869_220904_threat_7069_120.png,1
weap\0200869_220904_threat_7069_140.png,1
weap\0200869_220904_threat_7069_160.png,1
weap\0200869_220904_threat_7069_180.png,1
weap\0200869_220904_threat_7069_200.png,1
weap\0200869_220904_threat_7069_220.png,1
weap\0200869_220904_threat_7069_260.png,1
weap\0200869_220904_threat_7069_280.png,1
weap\0200869_220904_threat_7069_300.png,1
weap\0200869_220904_threat_7069_320.png,1
weap\0200869_220904_threat_7069_340.png,1
weap\0200869_220904_threat_7069_360.png,1
weap\0200869_220904_threat_7069_380.png,1
weap\0200869_220904_threat_7069_400.png,1
weap\0200869_220904_threat_7069_420.png,1
weap\0200869_220904_threat_7069_440.png,1
weap\0200869_220904_threat_7069_460.png,1
weap\0200869_220904_threat_7069_80.png,1
weap\0200869_220904_threat_7194 _100.png,1
weap\0200869_220904_threat_7194 _120.png,1
weap\0200869_220904_threat_7194 _140.png,1
weap\0200869_220904_threat_7194 _160.png,1
weap\0200869_220904_threat_7194 _180.png,1
weap\0200869_220904_threat_7194 _200.png,1
weap\0200869_220904_threat_7194 _220.png,1
weap\0200869_220904_threat_7194 _240.png,1
weap\0200869_220904_threat_7194 _260.png,1
weap\0200869_220904_threat_7194 _280.png,1
weap\0200869_220904_threat_7194 _300.png,1
weap\0200869_220904_threat_7194 _320.png,1
weap\0200869_220904_threat_7194 _340.png,1
weap\0200869_220904_threat_7194 _360.png,1
weap\0200869_220904_threat_7194 _380.png,1
weap\0200869_220904_threat_7194 _400.png,1
weap\0200869_220904_threat_7194 _420.png,1
weap\0200869_220904_threat_7194 _440.png,1
weap\0200869_220904_threat_7194 _460.png,1
weap\0200869_220904_threat_7194 _80.png,1
weap\0200869_220904_threat_8516_100.png,1
weap\0200869_220904_threat_8516_120.png,1
weap\0200869_220904_threat_8516_140.png,1
weap\0200869_220904_threat_8516_160.png,1
weap\0200869_220904_threat_8516_180.png,1
weap\0200869_220904_threat_8516_200.png,1
weap\0200869_220904_threat_8516_220.png,1
weap\0200869_220904_threat_8516_240.png,1
weap\0200869_220904_threat_8516_260.png,1
weap\0200869_220904_threat_8516_280.png,1
weap\0200869_220904_threat_8516_300.png,1
weap\0200869_220904_threat_8516_320.png,1
weap\0200869_220904_threat_8516_340.png,1
weap\0200869_220904_threat_8516_360.png,1
weap\0200869_220904_threat_8516_380.png,1
weap\0200869_220904_threat_8516_400.png,1
weap\0200869_220904_threat_8516_420.png,1
weap\0200869_220904_threat_8516_440.png,1
weap\0200869_220904_threat_8516_460.png,1
weap\0200869_220904_threat_8516_80.png,1
weap\0201413_20220909_carrying_0007_100.png,1
weap\0201413_20220909_carrying_0007_120.png,1
weap\0201413_20220909_carrying_0007_140.png,1
weap\0201413_20220909_carrying_0007_160.png,1
weap\0201413_20220909_carrying_0007_180.png,1
weap\0201413_20220909_carrying_0007_200.png,1
weap\0201413_20220909_carrying_0007_220.png,1
weap\0201413_20220909_carrying_0007_240.png,1
weap\0201413_20220909_carrying_0007_260.png,1
weap\0201413_20220909_carrying_0007_280.png,1
weap\0201413_20220909_carrying_0007_300.png,1
weap\0201413_20220909_carrying_0007_320.png,1
weap\0201413_20220909_carrying_0007_340.png,1
weap\0201413_20220909_carrying_0007_360.png,1
weap\0201413_20220909_carrying_0007_380.png,1
weap\0201413_20220909_carrying_0007_400.png,1
weap\0201413_20220909_carrying_0007_80.png,1
weap\0201413_20220909_carrying_1337_100.png,1
weap\0201413_20220909_carrying_1337_120.png,1
weap\0201413_20220909_carrying_1337_140.png,1
weap\0201413_20220909_carrying_1337_160.png,1
weap\0201413_20220909_carrying_1337_180.png,1
weap\0201413_20220909_carrying_1337_200.png,1
weap\0201413_20220909_carrying_1337_220.png,1
weap\0201413_20220909_carrying_1337_240.png,1
weap\0201413_20220909_carrying_1337_260.png,1
weap\0201413_20220909_carrying_1337_280.png,1
weap\0201413_20220909_carrying_1337_300.png,1
weap\0201413_20220909_carrying_1337_320.png,1
weap\0201413_20220909_carrying_1337_340.png,1
weap\0201413_20220909_carrying_1337_360.png,1
weap\0201413_20220909_carrying_1337_380.png,1
weap\0201413_20220909_carrying_1337_400.png,1
weap\0201413_20220909_carrying_1337_80.png,1
weap\0201413_20220909_carrying_3332_100.png,1
weap\0201413_20220909_carrying_3332_120.png,1
weap\0201413_20220909_carrying_3332_140.png,1
weap\0201413_20220909_carrying_3332_160.png,1
weap\0201413_20220909_carrying_3332_80.png,1
weap\0201413_20220909_carrying_4242_100.png,1
weap\0201413_20220909_carrying_4242_120.png,1
weap\0201413_20220909_carrying_4242_140.png,1
weap\0201413_20220909_carrying_4242_160.png,1
weap\0201413_20220909_carrying_4242_180.png,1
weap\0201413_20220909_carrying_4242_200.png,1
weap\0201413_20220909_carrying_4242_220.png,1
weap\0201413_20220909_carrying_4242_240.png,1
weap\0201413_20220909_carrying_4242_260.png,1
weap\0201413_20220909_carrying_4242_280.png,1
weap\0201413_20220909_carrying_4242_300.png,1
weap\0201413_20220909_carrying_4242_80.png,1
weap\0201413_20220909_carrying_4442_100.png,1
weap\0201413_20220909_carrying_4442_120.png,1
weap\0201413_20220909_carrying_4442_140.png,1
weap\0201413_20220909_carrying_4442_160.png,1
weap\0201413_20220909_carrying_4442_180.png,1
weap\0201413_20220909_carrying_4442_200.png,1
weap\0201413_20220909_carrying_4442_80.png,1
weap\0201413_20220909_carrying_6699_100.png,1
weap\0201413_20220909_carrying_6699_120.png,1
weap\0201413_20220909_carrying_6699_140.png,1
weap\0201413_20220909_carrying_6699_160.png,1
weap\0201413_20220909_carrying_6699_180.png,1
weap\0201413_20220909_carrying_6699_200.png,1
weap\0201413_20220909_carrying_6699_220.png,1
weap\0201413_20220909_carrying_6699_240.png,1
weap\0201413_20220909_carrying_6699_260.png,1
weap\0201413_20220909_carrying_6699_280.png,1
weap\0201413_20220909_carrying_6699_300.png,1
weap\0201413_20220909_carrying_6699_320.png,1
weap\0201413_20220909_carrying_6699_340.png,1
weap\0201413_20220909_carrying_6699_360.png,1
weap\0201413_20220909_carrying_6699_380.png,1
weap\0201413_20220909_carrying_6699_400.png,1
weap\0201413_20220909_carrying_6699_420.png,1
weap\0201413_20220909_carrying_6699_440.png,1
weap\0201413_20220909_carrying_6699_80.png,1
weap\0201413_20220909_threat_0000_100.png,1
weap\0201413_20220909_threat_0000_120.png,1
weap\0201413_20220909_threat_0000_140.png,1
weap\0201413_20220909_threat_0000_80.png,1
weap\0201413_20220909_threat_3332_100.png,1
weap\0201413_20220909_threat_3332_120.png,1
weap\0201413_20220909_threat_3332_140.png,1
weap\0201413_20220909_threat_3332_160.png,1
weap\0201413_20220909_threat_3332_180.png,1
weap\0201413_20220909_threat_3332_200.png,1
weap\0201413_20220909_threat_3332_220.png,1
weap\0201413_20220909_threat_3332_80.png,1
weap\0201413_20220909_threat_5123_100.png,1
weap\0201413_20220909_threat_5123_120.png,1
weap\0201413_20220909_threat_5123_140.png,1
weap\0201413_20220909_threat_5123_160.png,1
weap\0201413_20220909_threat_5123_180.png,1
weap\0201413_20220909_threat_5123_200.png,1
weap\0201413_20220909_threat_5123_220.png,1
weap\0201413_20220909_threat_5123_240.png,1
weap\0201413_20220909_threat_5123_260.png,1
weap\0201413_20220909_threat_5123_280.png,1
weap\0201413_20220909_threat_5123_300.png,1
weap\0201413_20220909_threat_5123_80.png,1
weap\0201413_20220909_threat_5124_100.png,1
weap\0201413_20220909_threat_5124_120.png,1
weap\0201413_20220909_threat_5124_140.png,1
weap\0201413_20220909_threat_5124_160.png,1
weap\0201413_20220909_threat_5124_180.png,1
weap\0201413_20220909_threat_5124_200.png,1
weap\0201413_20220909_threat_5124_80.png,1
weap\0201415_20220904_carrying_1185_100.png,1
weap\0201415_20220904_carrying_1185_120.png,1
weap\0201415_20220904_carrying_1185_140.png,1
weap\0201415_20220904_carrying_1185_160.png,1
weap\0201415_20220904_carrying_1185_180.png,1
weap\0201415_20220904_carrying_1185_200.png,1
weap\0201415_20220904_carrying_1185_220.png,1
weap\0201415_20220904_carrying_1185_240.png,1
weap\0201415_20220904_carrying_1185_80.png,1
weap\0201415_20220904_carrying_1275_100.png,1
weap\0201415_20220904_carrying_1275_120.png,1
weap\0201415_20220904_carrying_1275_140.png,1
weap\0201415_20220904_carrying_1275_160.png,1
weap\0201415_20220904_carrying_1275_180.png,1
weap\0201415_20220904_carrying_1275_200.png,1
weap\0201415_20220904_carrying_1275_80.png,1
weap\0201415_20220904_carrying_2469_100.png,1
weap\0201415_20220904_carrying_2469_120.png,1
weap\0201415_20220904_carrying_2469_140.png,1
weap\0201415_20220904_carrying_2469_160.png,1
weap\0201415_20220904_carrying_2469_80.png,1
weap\0201415_20220904_carrying_2686_100.png,1
weap\0201415_20220904_carrying_2686_120.png,1
weap\0201415_20220904_carrying_2686_140.png,1
weap\0201415_20220904_carrying_2686_160.png,1
weap\0201415_20220904_carrying_2686_80.png,1
weap\0201415_20220904_carrying_4712_100.png,1
weap\0201415_20220904_carrying_4712_120.png,1
weap\0201415_20220904_carrying_4712_140.png,1
weap\0201415_20220904_carrying_4712_160.png,1
weap\0201415_20220904_carrying_4712_180.png,1
weap\0201415_20220904_carrying_4712_200.png,1
weap\0201415_20220904_carrying_4712_220.png,1
weap\0201415_20220904_carrying_4712_80.png,1
weap\0201415_20220904_carrying_7549_100.png,1
weap\0201415_20220904_carrying_7549_120.png,1
weap\0201415_20220904_carrying_7549_140.png,1
weap\0201415_20220904_carrying_7549_160.png,1
weap\0201415_20220904_carrying_7549_180.png,1
weap\0201415_20220904_carrying_7549_200.png,1
weap\0201415_20220904_carrying_7549_220.png,1
weap\0201415_20220904_carrying_7549_80.png,1
weap\0201415_20220904_threat_4564_100.png,1
weap\0201415_20220904_threat_4564_120.png,1
weap\0201415_20220904_threat_4564_140.png,1
weap\0201415_20220904_threat_4564_160.png,1
weap\0201415_20220904_threat_4564_180.png,1
weap\0201415_20220904_threat_4564_200.png,1
weap\0201415_20220904_threat_4564_220.png,1
weap\0201415_20220904_threat_4564_240.png,1
weap\0201415_20220904_threat_4564_260.png,1
weap\0201415_20220904_threat_4564_80.png,1
weap\0201415_20220904_threat_4658_100.png,1
weap\0201415_20220904_threat_4658_120.png,1
weap\0201415_20220904_threat_4658_140.png,1
weap\0201415_20220904_threat_4658_160.png,1
weap\0201415_20220904_threat_4658_180.png,1
weap\0201415_20220904_threat_4658_200.png,1
weap\0201415_20220904_threat_4658_80.png,1
weap\0201415_20220904_threat_7852_100.png,1
weap\0201415_20220904_threat_7852_120.png,1
weap\0201415_20220904_threat_7852_140.png,1
weap\0201415_20220904_threat_7852_160.png,1
weap\0201415_20220904_threat_7852_180.png,1
weap\0201415_20220904_threat_7852_200.png,1
weap\0201415_20220904_threat_7852_80.png,1
weap\0201415_20220904_threat_8574_100.png,1
weap\0201415_20220904_threat_8574_120.png,1
weap\0201415_20220904_threat_8574_140.png,1
weap\0201415_20220904_threat_8574_160.png,1
weap\0201415_20220904_threat_8574_180.png,1
weap\0201415_20220904_threat_8574_200.png,1
weap\0201415_20220904_threat_8574_80.png,1
weap\0201415_20220904_threat_8986_100.png,1
weap\0201415_20220904_threat_8986_120.png,1
weap\0201415_20220904_threat_8986_140.png,1
weap\0201415_20220904_threat_8986_160.png,1
weap\0201415_20220904_threat_8986_180.png,1
weap\0201415_20220904_threat_8986_200.png,1
weap\0201415_20220904_threat_8986_220.png,1
weap\0201415_20220904_threat_8986_240.png,1
weap\0201415_20220904_threat_8986_260.png,1
weap\0201415_20220904_threat_8986_280.png,1
weap\0201415_20220904_threat_8986_80.png,1
weap\0201415_20220904_threat_9853_100.png,1
weap\0201415_20220904_threat_9853_120.png,1
weap\0201415_20220904_threat_9853_140.png,1
weap\0201415_20220904_threat_9853_80.png,1
weap\0201603_20220828_carrying_1279_100.png,1
weap\0201603_20220828_carrying_1279_120.png,1
weap\0201603_20220828_carrying_1279_140.png,1
weap\0201603_20220828_carrying_1279_160.png,1
weap\0201603_20220828_carrying_1279_180.png,1
weap\0201603_20220828_carrying_1279_200.png,1
weap\0201603_20220828_carrying_1279_220.png,1
weap\0201603_20220828_carrying_1279_240.png,1
weap\0201603_20220828_carrying_1279_80.png,1
weap\0201603_20220828_carrying_1289_100.png,1
weap\0201603_20220828_carrying_1289_120.png,1
weap\0201603_20220828_carrying_1289_140.png,1
weap\0201603_20220828_carrying_1289_160.png,1
weap\0201603_20220828_carrying_1289_180.png,1
weap\0201603_20220828_carrying_1289_200.png,1
weap\0201603_20220828_carrying_1289_220.png,1
weap\0201603_20220828_carrying_1289_240.png,1
weap\0201603_20220828_carrying_1289_260.png,1
weap\0201603_20220828_carrying_1289_280.png,1
weap\0201603_20220828_carrying_1289_300.png,1
weap\0201603_20220828_carrying_1289_80.png,1
weap\0201603_20220828_carrying_1299_100.png,1
weap\0201603_20220828_carrying_1299_120.png,1
weap\0201603_20220828_carrying_1299_140.png,1
weap\0201603_20220828_carrying_1299_160.png,1
weap\0201603_20220828_carrying_1299_80.png,1
weap\0201603_20220829_carrying_0591_100.png,1
weap\0201603_20220829_carrying_0591_120.png,1
weap\0201603_20220829_carrying_0591_140.png,1
weap\0201603_20220829_carrying_0591_160.png,1
weap\0201603_20220829_carrying_0591_80.png,1
weap\0201603_20220829_carrying_0645_100.png,1
weap\0201603_20220829_carrying_0645_120.png,1
weap\0201603_20220829_carrying_0645_140.png,1
weap\0201603_20220829_carrying_0645_80.png,1
weap\0201603_20220829_carrying_3579_100.png,1
weap\0201603_20220829_carrying_3579_120.png,1
weap\0201603_20220829_carrying_3579_140.png,1
weap\0201603_20220829_carrying_3579_160.png,1
weap\0201603_20220829_carrying_3579_80.png,1
weap\0201603_20220829_carrying_5697_100.png,1
weap\0201603_20220829_carrying_5697_120.png,1
weap\0201603_20220829_carrying_5697_140.png,1
weap\0201603_20220829_carrying_5697_160.png,1
weap\0201603_20220829_carrying_5697_80.png,1
weap\0201603_20220829_carrying_6479_100.png,1
weap\0201603_20220829_carrying_6479_120.png,1
weap\0201603_20220829_carrying_6479_140.png,1
weap\0201603_20220829_carrying_6479_160.png,1
weap\0201603_20220829_carrying_6479_80.png,1
weap\0201603_20220829_carrying_6598_100.png,1
weap\0201603_20220829_carrying_6598_120.png,1
weap\0201603_20220829_carrying_6598_140.png,1
weap\0201603_20220829_carrying_6598_160.png,1
weap\0201603_20220829_carrying_6598_180.png,1
weap\0201603_20220829_carrying_6598_200.png,1
weap\0201603_20220829_carrying_6598_220.png,1
weap\0201603_20220829_carrying_6598_240.png,1
weap\0201603_20220829_carrying_6598_260.png,1
weap\0201603_20220829_carrying_6598_280.png,1
weap\0201603_20220829_carrying_6598_300.png,1
weap\0201603_20220829_carrying_6598_320.png,1
weap\0201603_20220829_carrying_6598_80.png,1
weap\0201603_20220829_carrying_9832_100.png,1
weap\0201603_20220829_carrying_9832_120.png,1
weap\0201603_20220829_carrying_9832_140.png,1
weap\0201603_20220829_carrying_9832_160.png,1
weap\0201603_20220829_carrying_9832_80.png,1
weap\0201603_20220829_carrying_9871_100.png,1
weap\0201603_20220829_carrying_9871_120.png,1
weap\0201603_20220829_carrying_9871_140.png,1
weap\0201603_20220829_carrying_9871_160.png,1
weap\0201603_20220829_carrying_9871_180.png,1
weap\0201603_20220829_carrying_9871_80.png,1
weap\0201603_20220829_threat_0159_100.png,1
weap\0201603_20220829_threat_0159_120.png,1
weap\0201603_20220829_threat_0159_140.png,1
weap\0201603_20220829_threat_0159_80.png,1
weap\0201603_20220829_threat_0169_100.png,1
weap\0201603_20220829_threat_0169_120.png,1
weap\0201603_20220829_threat_0169_140.png,1
weap\0201603_20220829_threat_0169_160.png,1
weap\0201603_20220829_threat_0169_180.png,1
weap\0201603_20220829_threat_0169_200.png,1
weap\0201603_20220829_threat_0169_220.png,1
weap\0201603_20220829_threat_0169_80.png,1
weap\0201603_20220829_threat_1222_100.png,1
weap\0201603_20220829_threat_1222_120.png,1
weap\0201603_20220829_threat_1222_140.png,1
weap\0201603_20220829_threat_1222_160.png,1
weap\0201603_20220829_threat_1222_80.png,1
weap\0201603_20220829_threat_1994_100.png,1
weap\0201603_20220829_threat_1994_120.png,1
weap\0201603_20220829_threat_1994_140.png,1
weap\0201603_20220829_threat_1994_160.png,1
weap\0201603_20220829_threat_1994_80.png,1
weap\0201603_20220829_threat_2233_100.png,1
weap\0201603_20220829_threat_2233_120.png,1
weap\0201603_20220829_threat_2233_140.png,1
weap\0201603_20220829_threat_2233_160.png,1
weap\0201603_20220829_threat_2233_180.png,1
weap\0201603_20220829_threat_2233_200.png,1
weap\0201603_20220829_threat_2233_220.png,1
weap\0201603_20220829_threat_2233_240.png,1
weap\0201603_20220829_threat_2233_260.png,1
weap\0201603_20220829_threat_2233_280.png,1
weap\0201603_20220829_threat_2233_300.png,1
weap\0201603_20220829_threat_2233_80.png,1
weap\0201603_20220829_threat_2244_100.png,1
weap\0201603_20220829_threat_2244_120.png,1
weap\0201603_20220829_threat_2244_140.png,1
weap\0201603_20220829_threat_2244_160.png,1
weap\0201603_20220829_threat_2244_80.png,1
weap\0201603_20220829_threat_2255_100.png,1
weap\0201603_20220829_threat_2255_120.png,1
weap\0201603_20220829_threat_2255_140.png,1
weap\0201603_20220829_threat_2255_160.png,1
weap\0201603_20220829_threat_2255_180.png,1
weap\0201603_20220829_threat_2255_200.png,1
weap\0201603_20220829_threat_2255_220.png,1
weap\0201603_20220829_threat_2255_240.png,1
weap\0201603_20220829_threat_2255_80.png,1
weap\0201603_20220829_threat_2946_100.png,1
weap\0201603_20220829_threat_2946_120.png,1
weap\0201603_20220829_threat_2946_80.png,1
weap\0201681_20220830_carrying_8595_120.png,1
weap\0201681_20220830_carrying_8595_160.png,1
weap\0201681_20220830_carrying_8595_180.png,1
weap\0201681_20220830_carrying_8595_200.png,1
weap\0201681_20220830_carrying_8595_80.png,1
weap\0201681_20220830_carrying_8596_100.png,1
weap\0201681_20220830_carrying_8596_120.png,1
weap\0201681_20220830_carrying_8596_140.png,1
weap\0201681_20220830_carrying_8596_160.png,1
weap\0201681_20220830_carrying_8596_180.png,1
weap\0201681_20220830_carrying_8596_200.png,1
weap\0201681_20220830_carrying_8596_220.png,1
weap\0201681_20220830_carrying_8596_240.png,1
weap\0201681_20220830_carrying_8596_80.png,1
weap\0201681_20220830_threat_3415_100.png,1
weap\0201681_20220830_threat_3415_120.png,1
weap\0201681_20220830_threat_3415_140.png,1
weap\0201681_20220830_threat_3415_80.png,1
weap\0201681_20220830_threat_4884_100.png,1
weap\0201681_20220830_threat_4884_120.png,1
weap\0201681_20220830_threat_4884_140.png,1
weap\0201681_20220830_threat_4884_160.png,1
weap\0201681_20220830_threat_4884_180.png,1
weap\0201681_20220830_threat_4884_200.png,1
weap\0201681_20220830_threat_4884_220.png,1
weap\0201681_20220830_threat_4884_240.png,1
weap\0201681_20220830_threat_4884_260.png,1
weap\0201681_20220830_threat_4884_280.png,1
weap\0201681_20220830_threat_4884_300.png,1
weap\0201681_20220830_threat_4884_80.png,1
weap\0201681_20220830_threat_5234_100.png,1
weap\0201681_20220830_threat_5234_120.png,1
weap\0201681_20220830_threat_5234_140.png,1
weap\0201681_20220830_threat_5234_160.png,1
weap\0201681_20220830_threat_5234_180.png,1
weap\0201681_20220830_threat_5234_80.png,1
weap\0201681_20220830_threat_6102_100.png,1
weap\0201681_20220830_threat_6102_120.png,1
weap\0201681_20220830_threat_6102_140.png,1
weap\0201681_20220830_threat_6102_160.png,1
weap\0201681_20220830_threat_6102_180.png,1
weap\0201681_20220830_threat_6102_200.png,1
weap\0201681_20220830_threat_6102_80.png,1
weap\0201681_20220830_threat_6485_100.png,1
weap\0201681_20220830_threat_6485_120.png,1
weap\0201681_20220830_threat_6485_140.png,1
weap\0201681_20220830_threat_6485_160.png,1
weap\0201681_20220830_threat_6485_180.png,1
weap\0201681_20220830_threat_6485_200.png,1
weap\0201681_20220830_threat_6485_220.png,1
weap\0201681_20220830_threat_6485_80.png,1
weap\0201681_20220830_threat_9105_100.png,1
weap\0201681_20220830_threat_9105_120.png,1
weap\0201681_20220830_threat_9105_140.png,1
weap\0201681_20220830_threat_9105_160.png,1
weap\0201681_20220830_threat_9105_180.png,1
weap\0201681_20220830_threat_9105_200.png,1
weap\0201681_20220830_threat_9105_220.png,1
weap\0201681_20220830_threat_9105_240.png,1
weap\0201681_20220830_threat_9105_260.png,1
weap\0201681_20220830_threat_9105_80.png,1
weap\0201689_20220904_carrying_0274_100.png,1
weap\0201689_20220904_carrying_0274_120.png,1
weap\0201689_20220904_carrying_0274_140.png,1
weap\0201689_20220904_carrying_0274_160.png,1
weap\0201689_20220904_carrying_0274_180.png,1
weap\0201689_20220904_carrying_0274_200.png,1
weap\0201689_20220904_carrying_0274_220.png,1
weap\0201689_20220904_carrying_0274_240.png,1
weap\0201689_20220904_carrying_0274_260.png,1
weap\0201689_20220904_carrying_0274_280.png,1
weap\0201689_20220904_carrying_0274_300.png,1
weap\0201689_20220904_carrying_0274_320.png,1
weap\0201689_20220904_carrying_0274_340.png,1
weap\0201689_20220904_carrying_0274_360.png,1
weap\0201689_20220904_carrying_0274_380.png,1
weap\0201689_20220904_carrying_0274_400.png,1
weap\0201689_20220904_carrying_0274_420.png,1
weap\0201689_20220904_carrying_0274_440.png,1
weap\0201689_20220904_carrying_0274_460.png,1
weap\0201689_20220904_carrying_0274_480.png,1
weap\0201689_20220904_carrying_0274_500.png,1
weap\0201689_20220904_carrying_0274_520.png,1
weap\0201689_20220904_carrying_0274_540.png,1
weap\0201689_20220904_carrying_0274_560.png,1
weap\0201689_20220904_carrying_0274_580.png,1
weap\0201689_20220904_carrying_0274_600.png,1
weap\0201689_20220904_carrying_0274_620.png,1
weap\0201689_20220904_carrying_0274_640.png,1
weap\0201689_20220904_carrying_0274_660.png,1
weap\0201689_20220904_carrying_0274_680.png,1
weap\0201689_20220904_carrying_0274_700.png,1
weap\0201689_20220904_carrying_0274_720.png,1
weap\0201689_20220904_carrying_0274_740.png,1
weap\0201689_20220904_carrying_0274_760.png,1
weap\0201689_20220904_carrying_0274_80.png,1
weap\0201689_20220904_carrying_1954_100.png,1
weap\0201689_20220904_carrying_1954_120.png,1
weap\0201689_20220904_carrying_1954_140.png,1
weap\0201689_20220904_carrying_1954_160.png,1
weap\0201689_20220904_carrying_1954_180.png,1
weap\0201689_20220904_carrying_1954_200.png,1
weap\0201689_20220904_carrying_1954_220.png,1
weap\0201689_20220904_carrying_1954_240.png,1
weap\0201689_20220904_carrying_1954_260.png,1
weap\0201689_20220904_carrying_1954_280.png,1
weap\0201689_20220904_carrying_1954_300.png,1
weap\0201689_20220904_carrying_1954_320.png,1
weap\0201689_20220904_carrying_1954_340.png,1
weap\0201689_20220904_carrying_1954_360.png,1
weap\0201689_20220904_carrying_1954_380.png,1
weap\0201689_20220904_carrying_1954_400.png,1
weap\0201689_20220904_carrying_1954_420.png,1
weap\0201689_20220904_carrying_1954_440.png,1
weap\0201689_20220904_carrying_1954_460.png,1
weap\0201689_20220904_carrying_1954_480.png,1
weap\0201689_20220904_carrying_1954_80.png,1
weap\0201689_20220904_carrying_4032_100.png,1
weap\0201689_20220904_carrying_4032_120.png,1
weap\0201689_20220904_carrying_4032_140.png,1
weap\0201689_20220904_carrying_4032_160.png,1
weap\0201689_20220904_carrying_4032_180.png,1
weap\0201689_20220904_carrying_4032_200.png,1
weap\0201689_20220904_carrying_4032_220.png,1
weap\0201689_20220904_carrying_4032_240.png,1
weap\0201689_20220904_carrying_4032_260.png,1
weap\0201689_20220904_carrying_4032_280.png,1
weap\0201689_20220904_carrying_4032_300.png,1
weap\0201689_20220904_carrying_4032_320.png,1
weap\0201689_20220904_carrying_4032_340.png,1
weap\0201689_20220904_carrying_4032_360.png,1
weap\0201689_20220904_carrying_4032_380.png,1
weap\0201689_20220904_carrying_4032_400.png,1
weap\0201689_20220904_carrying_4032_420.png,1
weap\0201689_20220904_carrying_4032_440.png,1
weap\0201689_20220904_carrying_4032_460.png,1
weap\0201689_20220904_carrying_4032_480.png,1
weap\0201689_20220904_carrying_4032_80.png,1
weap\0201689_20220904_carrying_5213_100.png,1
weap\0201689_20220904_carrying_5213_120.png,1
weap\0201689_20220904_carrying_5213_140.png,1
weap\0201689_20220904_carrying_5213_160.png,1
weap\0201689_20220904_carrying_5213_180.png,1
weap\0201689_20220904_carrying_5213_200.png,1
weap\0201689_20220904_carrying_5213_220.png,1
weap\0201689_20220904_carrying_5213_240.png,1
weap\0201689_20220904_carrying_5213_260.png,1
weap\0201689_20220904_carrying_5213_280.png,1
weap\0201689_20220904_carrying_5213_300.png,1
weap\0201689_20220904_carrying_5213_320.png,1
weap\0201689_20220904_carrying_5213_340.png,1
weap\0201689_20220904_carrying_5213_360.png,1
weap\0201689_20220904_carrying_5213_380.png,1
weap\0201689_20220904_carrying_5213_400.png,1
weap\0201689_20220904_carrying_5213_420.png,1
weap\0201689_20220904_carrying_5213_440.png,1
weap\0201689_20220904_carrying_5213_460.png,1
weap\0201689_20220904_carrying_5213_480.png,1
weap\0201689_20220904_carrying_5213_500.png,1
weap\0201689_20220904_carrying_5213_520.png,1
weap\0201689_20220904_carrying_5213_540.png,1
weap\0201689_20220904_carrying_5213_560.png,1
weap\0201689_20220904_carrying_5213_580.png,1
weap\0201689_20220904_carrying_5213_600.png,1
weap\0201689_20220904_carrying_5213_620.png,1
weap\0201689_20220904_carrying_5213_640.png,1
weap\0201689_20220904_carrying_5213_80.png,1
weap\0201689_20220904_carrying_6725_100.png,1
weap\0201689_20220904_carrying_6725_120.png,1
weap\0201689_20220904_carrying_6725_140.png,1
weap\0201689_20220904_carrying_6725_160.png,1
weap\0201689_20220904_carrying_6725_180.png,1
weap\0201689_20220904_carrying_6725_200.png,1
weap\0201689_20220904_carrying_6725_220.png,1
weap\0201689_20220904_carrying_6725_240.png,1
weap\0201689_20220904_carrying_6725_260.png,1
weap\0201689_20220904_carrying_6725_280.png,1
weap\0201689_20220904_carrying_6725_300.png,1
weap\0201689_20220904_carrying_6725_320.png,1
weap\0201689_20220904_carrying_6725_340.png,1
weap\0201689_20220904_carrying_6725_360.png,1
weap\0201689_20220904_carrying_6725_380.png,1
weap\0201689_20220904_carrying_6725_400.png,1
weap\0201689_20220904_carrying_6725_420.png,1
weap\0201689_20220904_carrying_6725_440.png,1
weap\0201689_20220904_carrying_6725_460.png,1
weap\0201689_20220904_carrying_6725_480.png,1
weap\0201689_20220904_carrying_6725_500.png,1
weap\0201689_20220904_carrying_6725_80.png,1
weap\0201689_20220904_carrying_6923_100.png,1
weap\0201689_20220904_carrying_6923_120.png,1
weap\0201689_20220904_carrying_6923_140.png,1
weap\0201689_20220904_carrying_6923_160.png,1
weap\0201689_20220904_carrying_6923_180.png,1
weap\0201689_20220904_carrying_6923_200.png,1
weap\0201689_20220904_carrying_6923_220.png,1
weap\0201689_20220904_carrying_6923_240.png,1
weap\0201689_20220904_carrying_6923_260.png,1
weap\0201689_20220904_carrying_6923_280.png,1
weap\0201689_20220904_carrying_6923_300.png,1
weap\0201689_20220904_carrying_6923_320.png,1
weap\0201689_20220904_carrying_6923_340.png,1
weap\0201689_20220904_carrying_6923_360.png,1
weap\0201689_20220904_carrying_6923_380.png,1
weap\0201689_20220904_carrying_6923_400.png,1
weap\0201689_20220904_carrying_6923_420.png,1
weap\0201689_20220904_carrying_6923_440.png,1
weap\0201689_20220904_carrying_6923_460.png,1
weap\0201689_20220904_carrying_6923_480.png,1
weap\0201689_20220904_carrying_6923_500.png,1
weap\0201689_20220904_carrying_6923_80.png,1
weap\0201689_20220904_carrying_9402_100.png,1
weap\0201689_20220904_carrying_9402_120.png,1
weap\0201689_20220904_carrying_9402_140.png,1
weap\0201689_20220904_carrying_9402_160.png,1
weap\0201689_20220904_carrying_9402_180.png,1
weap\0201689_20220904_carrying_9402_200.png,1
weap\0201689_20220904_carrying_9402_220.png,1
weap\0201689_20220904_carrying_9402_240.png,1
weap\0201689_20220904_carrying_9402_260.png,1
weap\0201689_20220904_carrying_9402_280.png,1
weap\0201689_20220904_carrying_9402_300.png,1
weap\0201689_20220904_carrying_9402_320.png,1
weap\0201689_20220904_carrying_9402_340.png,1
weap\0201689_20220904_carrying_9402_360.png,1
weap\0201689_20220904_carrying_9402_380.png,1
weap\0201689_20220904_carrying_9402_400.png,1
weap\0201689_20220904_carrying_9402_420.png,1
weap\0201689_20220904_carrying_9402_440.png,1
weap\0201689_20220904_carrying_9402_460.png,1
weap\0201689_20220904_carrying_9402_480.png,1
weap\0201689_20220904_carrying_9402_500.png,1
weap\0201689_20220904_carrying_9402_520.png,1
weap\0201689_20220904_carrying_9402_540.png,1
weap\0201689_20220904_carrying_9402_560.png,1
weap\0201689_20220904_carrying_9402_580.png,1
weap\0201689_20220904_carrying_9402_600.png,1
weap\0201689_20220904_carrying_9402_620.png,1
weap\0201689_20220904_carrying_9402_640.png,1
weap\0201689_20220904_carrying_9402_80.png,1
weap\0201689_20220904_threat_0139_100.png,1
weap\0201689_20220904_threat_0139_120.png,1
weap\0201689_20220904_threat_0139_140.png,1
weap\0201689_20220904_threat_0139_160.png,1
weap\0201689_20220904_threat_0139_180.png,1
weap\0201689_20220904_threat_0139_200.png,1
weap\0201689_20220904_threat_0139_220.png,1
weap\0201689_20220904_threat_0139_240.png,1
weap\0201689_20220904_threat_0139_260.png,1
weap\0201689_20220904_threat_0139_280.png,1
weap\0201689_20220904_threat_0139_80.png,1
weap\0201689_20220904_threat_0300_100.png,1
weap\0201689_20220904_threat_0300_120.png,1
weap\0201689_20220904_threat_0300_140.png,1
weap\0201689_20220904_threat_0300_160.png,1
weap\0201689_20220904_threat_0300_180.png,1
weap\0201689_20220904_threat_0300_200.png,1
weap\0201689_20220904_threat_0300_220.png,1
weap\0201689_20220904_threat_0300_240.png,1
weap\0201689_20220904_threat_0300_80.png,1
weap\0201689_20220904_threat_0371_100.png,1
weap\0201689_20220904_threat_0371_120.png,1
weap\0201689_20220904_threat_0371_140.png,1
weap\0201689_20220904_threat_0371_160.png,1
weap\0201689_20220904_threat_0371_180.png,1
weap\0201689_20220904_threat_0371_200.png,1
weap\0201689_20220904_threat_0371_220.png,1
weap\0201689_20220904_threat_0371_240.png,1
weap\0201689_20220904_threat_0371_260.png,1
weap\0201689_20220904_threat_0371_280.png,1
weap\0201689_20220904_threat_0371_300.png,1
weap\0201689_20220904_threat_0371_320.png,1
weap\0201689_20220904_threat_0371_340.png,1
weap\0201689_20220904_threat_0371_360.png,1
weap\0201689_20220904_threat_0371_380.png,1
weap\0201689_20220904_threat_0371_400.png,1
weap\0201689_20220904_threat_0371_420.png,1
weap\0201689_20220904_threat_0371_440.png,1
weap\0201689_20220904_threat_0371_460.png,1
weap\0201689_20220904_threat_0371_80.png,1
weap\0201689_20220904_threat_1493_100.png,1
weap\0201689_20220904_threat_1493_120.png,1
weap\0201689_20220904_threat_1493_140.png,1
weap\0201689_20220904_threat_1493_160.png,1
weap\0201689_20220904_threat_1493_180.png,1
weap\0201689_20220904_threat_1493_200.png,1
weap\0201689_20220904_threat_1493_220.png,1
weap\0201689_20220904_threat_1493_240.png,1
weap\0201689_20220904_threat_1493_260.png,1
weap\0201689_20220904_threat_1493_280.png,1
weap\0201689_20220904_threat_1493_300.png,1
weap\0201689_20220904_threat_1493_80.png,1
weap\0201689_20220904_threat_6813_100.png,1
weap\0201689_20220904_threat_6813_120.png,1
weap\0201689_20220904_threat_6813_140.png,1
weap\0201689_20220904_threat_6813_160.png,1
weap\0201689_20220904_threat_6813_180.png,1
weap\0201689_20220904_threat_6813_200.png,1
weap\0201689_20220904_threat_6813_220.png,1
weap\0201689_20220904_threat_6813_240.png,1
weap\0201689_20220904_threat_6813_260.png,1
weap\0201689_20220904_threat_6813_280.png,1
weap\0201689_20220904_threat_6813_80.png,1
weap\0201689_20220904_threat_8130_100.png,1
weap\0201689_20220904_threat_8130_120.png,1
weap\0201689_20220904_threat_8130_140.png,1
weap\0201689_20220904_threat_8130_160.png,1
weap\0201689_20220904_threat_8130_180.png,1
weap\0201689_20220904_threat_8130_200.png,1
weap\0201689_20220904_threat_8130_220.png,1
weap\0201689_20220904_threat_8130_80.png,1
weap\0201866_20220828_carrying_2000_100.png,1
weap\0201866_20220828_carrying_2000_120.png,1
weap\0201866_20220828_carrying_2000_140.png,1
weap\0201866_20220828_carrying_2000_80.png,1
weap\0201866_20220828_carrying_2001_100.png,1
weap\0201866_20220828_carrying_2001_120.png,1
weap\0201866_20220828_carrying_2001_140.png,1
weap\0201866_20220828_carrying_2001_160.png,1
weap\0201866_20220828_carrying_2001_80.png,1
weap\0201866_20220828_carrying_2002_100.png,1
weap\0201866_20220828_carrying_2002_120.png,1
weap\0201866_20220828_carrying_2002_140.png,1
weap\0201866_20220828_carrying_2002_160.png,1
weap\0201866_20220828_carrying_2002_80.png,1
weap\0201866_20220828_carrying_2003_100.png,1
weap\0201866_20220828_carrying_2003_120.png,1
weap\0201866_20220828_carrying_2003_140.png,1
weap\0201866_20220828_carrying_2003_160.png,1
weap\0201866_20220828_carrying_2003_180.png,1
weap\0201866_20220828_carrying_2003_80.png,1
weap\0201866_20220828_carrying_2004_100.png,1
weap\0201866_20220828_carrying_2004_120.png,1
weap\0201866_20220828_carrying_2004_140.png,1
weap\0201866_20220828_carrying_2004_160.png,1
weap\0201866_20220828_carrying_2004_180.png,1
weap\0201866_20220828_carrying_2004_200.png,1
weap\0201866_20220828_carrying_2004_220.png,1
weap\0201866_20220828_carrying_2004_240.png,1
weap\0201866_20220828_carrying_2004_260.png,1
weap\0201866_20220828_carrying_2004_80.png,1
weap\0201866_20220828_carrying_2005_100.png,1
weap\0201866_20220828_carrying_2005_120.png,1
weap\0201866_20220828_carrying_2005_140.png,1
weap\0201866_20220828_carrying_2005_160.png,1
weap\0201866_20220828_carrying_2005_180.png,1
weap\0201866_20220828_carrying_2005_80.png,1
weap\0201866_20220828_threat_1000_100.png,1
weap\0201866_20220828_threat_1000_120.png,1
weap\0201866_20220828_threat_1000_140.png,1
weap\0201866_20220828_threat_1000_160.png,1
weap\0201866_20220828_threat_1000_180.png,1
weap\0201866_20220828_threat_1000_200.png,1
weap\0201866_20220828_threat_1000_220.png,1
weap\0201866_20220828_threat_1000_240.png,1
weap\0201866_20220828_threat_1000_260.png,1
weap\0201866_20220828_threat_1000_280.png,1
weap\0201866_20220828_threat_1000_300.png,1
weap\0201866_20220828_threat_1000_320.png,1
weap\0201866_20220828_threat_1000_340.png,1
weap\0201866_20220828_threat_1000_360.png,1
weap\0201866_20220828_threat_1000_380.png,1
weap\0201866_20220828_threat_1000_400.png,1
weap\0201866_20220828_threat_1000_420.png,1
weap\0201866_20220828_threat_1000_80.png,1
weap\0201866_20220828_threat_1001_100.png,1
weap\0201866_20220828_threat_1001_120.png,1
weap\0201866_20220828_threat_1001_140.png,1
weap\0201866_20220828_threat_1001_160.png,1
weap\0201866_20220828_threat_1001_200.png,1
weap\0201866_20220828_threat_1001_220.png,1
weap\0201866_20220828_threat_1001_80.png,1
weap\0201866_20220828_threat_1002_100.png,1
weap\0201866_20220828_threat_1002_120.png,1
weap\0201866_20220828_threat_1002_140.png,1
weap\0201866_20220828_threat_1002_80.png,1
weap\0201866_20220828_threat_1003_100.png,1
weap\0201866_20220828_threat_1003_120.png,1
weap\0201866_20220828_threat_1003_140.png,1
weap\0201866_20220828_threat_1003_80.png,1
weap\0201866_20220828_threat_1005_100.png,1
weap\0201866_20220828_threat_1005_120.png,1
weap\0201866_20220828_threat_1005_140.png,1
weap\0201866_20220828_threat_1005_80.png,1
weap\0201866_20220828_threat_1006_100.png,1
weap\0201866_20220828_threat_1006_120.png,1
weap\0201866_20220828_threat_1006_140.png,1
weap\0201866_20220828_threat_1006_80.png,1
weap\0201866_20220828_threat_1007_100.png,1
weap\0201866_20220828_threat_1007_120.png,1
weap\0201866_20220828_threat_1007_80.png,1
weap\0201866_20220828_threat_1010_100.png,1
weap\0201866_20220828_threat_1010_120.png,1
weap\0201866_20220828_threat_1010_80.png,1
weap\0202776_20220830_carrying_2285_100.png,1
weap\0202776_20220830_carrying_2285_120.png,1
weap\0202776_20220830_carrying_2285_140.png,1
weap\0202776_20220830_carrying_2285_160.png,1
weap\0202776_20220830_carrying_2285_180.png,1
weap\0202776_20220830_carrying_2285_200.png,1
weap\0202776_20220830_carrying_2285_220.png,1
weap\0202776_20220830_carrying_2285_240.png,1
weap\0202776_20220830_carrying_2285_260.png,1
weap\0202776_20220830_carrying_2285_280.png,1
weap\0202776_20220830_carrying_2285_300.png,1
weap\0202776_20220830_carrying_2285_320.png,1
weap\0202776_20220830_carrying_2285_80.png,1
weap\0202776_20220830_carrying_8465_100.png,1
weap\0202776_20220830_carrying_8465_120.png,1
weap\0202776_20220830_carrying_8465_140.png,1
weap\0202776_20220830_carrying_8465_160.png,1
weap\0202776_20220830_carrying_8465_180.png,1
weap\0202776_20220830_carrying_8465_200.png,1
weap\0202776_20220830_carrying_8465_220.png,1
weap\0202776_20220830_carrying_8465_240.png,1
weap\0202776_20220830_carrying_8465_260.png,1
weap\0202776_20220830_carrying_8465_280.png,1
weap\0202776_20220830_carrying_8465_300.png,1
weap\0202776_20220830_carrying_8465_320.png,1
weap\0202776_20220830_carrying_8465_340.png,1
weap\0202776_20220830_carrying_8465_360.png,1
weap\0202776_20220830_carrying_8465_380.png,1
weap\0202776_20220830_carrying_8465_400.png,1
weap\0202776_20220830_carrying_8465_80.png,1
weap\0202776_20220830_carrying_8936_100.png,1
weap\0202776_20220830_carrying_8936_120.png,1
weap\0202776_20220830_carrying_8936_140.png,1
weap\0202776_20220830_carrying_8936_160.png,1
weap\0202776_20220830_carrying_8936_180.png,1
weap\0202776_20220830_carrying_8936_80.png,1
weap\0202776_20220830_carrying_9365_100.png,1
weap\0202776_20220830_carrying_9365_120.png,1
weap\0202776_20220830_carrying_9365_140.png,1
weap\0202776_20220830_carrying_9365_160.png,1
weap\0202776_20220830_carrying_9365_180.png,1
weap\0202776_20220830_carrying_9365_200.png,1
weap\0202776_20220830_carrying_9365_80.png,1
weap\0202776_20220830_carrying_9758_100.png,1
weap\0202776_20220830_carrying_9758_120.png,1
weap\0202776_20220830_carrying_9758_140.png,1
weap\0202776_20220830_carrying_9758_160.png,1
weap\0202776_20220830_carrying_9758_180.png,1
weap\0202776_20220830_carrying_9758_200.png,1
weap\0202776_20220830_carrying_9758_220.png,1
weap\0202776_20220830_carrying_9758_80.png,1
weap\0202776_20220830_threat_0025_100.png,1
weap\0202776_20220830_threat_0025_120.png,1
weap\0202776_20220830_threat_0025_140.png,1
weap\0202776_20220830_threat_0025_160.png,1
weap\0202776_20220830_threat_0025_180.png,1
weap\0202776_20220830_threat_0025_200.png,1
weap\0202776_20220830_threat_0025_220.png,1
weap\0202776_20220830_threat_0025_240.png,1
weap\0202776_20220830_threat_0025_80.png,1
weap\0202776_20220830_threat_1100_100.png,1
weap\0202776_20220830_threat_1100_120.png,1
weap\0202776_20220830_threat_1100_140.png,1
weap\0202776_20220830_threat_1100_160.png,1
weap\0202776_20220830_threat_1100_180.png,1
weap\0202776_20220830_threat_1100_200.png,1
weap\0202776_20220830_threat_1100_220.png,1
weap\0202776_20220830_threat_1100_80.png,1
weap\0202776_20220830_threat_3853_100.png,1
weap\0202776_20220830_threat_3853_120.png,1
weap\0202776_20220830_threat_3853_140.png,1
weap\0202776_20220830_threat_3853_160.png,1
weap\0202776_20220830_threat_3853_180.png,1
weap\0202776_20220830_threat_3853_200.png,1
weap\0202776_20220830_threat_3853_220.png,1
weap\0202776_20220830_threat_3853_240.png,1
weap\0202776_20220830_threat_3853_260.png,1
weap\0202776_20220830_threat_3853_280.png,1
weap\0202776_20220830_threat_3853_300.png,1
weap\0202776_20220830_threat_3853_320.png,1
weap\0202776_20220830_threat_3853_340.png,1
weap\0202776_20220830_threat_3853_360.png,1
weap\0202776_20220830_threat_3853_380.png,1
weap\0202776_20220830_threat_3853_400.png,1
weap\0202776_20220830_threat_3853_420.png,1
weap\0202776_20220830_threat_3853_80.png,1
weap\0202776_20220830_threat_6632_100.png,1
weap\0202776_20220830_threat_6632_120.png,1
weap\0202776_20220830_threat_6632_140.png,1
weap\0202776_20220830_threat_6632_160.png,1
weap\0202776_20220830_threat_6632_180.png,1
weap\0202776_20220830_threat_6632_200.png,1
weap\0202776_20220830_threat_6632_220.png,1
weap\0202776_20220830_threat_6632_80.png,1
weap\0202776_20220830_threat_8679_100.png,1
weap\0202776_20220830_threat_8679_120.png,1
weap\0202776_20220830_threat_8679_140.png,1
weap\0202776_20220830_threat_8679_160.png,1
weap\0202776_20220830_threat_8679_180.png,1
weap\0202776_20220830_threat_8679_200.png,1
weap\0202776_20220830_threat_8679_220.png,1
weap\0202776_20220830_threat_8679_240.png,1
weap\0202776_20220830_threat_8679_260.png,1
weap\0202776_20220830_threat_8679_280.png,1
weap\0202776_20220830_threat_8679_300.png,1
weap\0202776_20220830_threat_8679_320.png,1
weap\0202776_20220830_threat_8679_340.png,1
weap\0202776_20220830_threat_8679_360.png,1
weap\0202776_20220830_threat_8679_380.png,1
weap\0202776_20220830_threat_8679_400.png,1
weap\0202776_20220830_threat_8679_420.png,1
weap\0202776_20220830_threat_8679_80.png,1
weap\0202776_20220830_threat_8763_100.png,1
weap\0202776_20220830_threat_8763_120.png,1
weap\0202776_20220830_threat_8763_140.png,1
weap\0202776_20220830_threat_8763_160.png,1
weap\0202776_20220830_threat_8763_180.png,1
weap\0202776_20220830_threat_8763_200.png,1
weap\0202776_20220830_threat_8763_220.png,1
weap\0202776_20220830_threat_8763_240.png,1
weap\0202776_20220830_threat_8763_260.png,1
weap\0202776_20220830_threat_8763_80.png,1
weap\0202776_20220830_threat_9924_100.png,1
weap\0202776_20220830_threat_9924_120.png,1
weap\0202776_20220830_threat_9924_140.png,1
weap\0202776_20220830_threat_9924_160.png,1
weap\0202776_20220830_threat_9924_180.png,1
weap\0202776_20220830_threat_9924_80.png,1
weap\0204722_carrying_1229_100.png,1
weap\0204722_carrying_1229_120.png,1
weap\0204722_carrying_1229_140.png,1
weap\0204722_carrying_1229_160.png,1
weap\0204722_carrying_1229_180.png,1
weap\0204722_carrying_1229_200.png,1
weap\0204722_carrying_1229_80.png,1
weap\0204722_carrying_1234_100.png,1
weap\0204722_carrying_1234_120.png,1
weap\0204722_carrying_1234_140.png,1
weap\0204722_carrying_1234_160.png,1
weap\0204722_carrying_1234_80.png,1
weap\0204722_carrying_1235_100.png,1
weap\0204722_carrying_1235_120.png,1
weap\0204722_carrying_1235_140.png,1
weap\0204722_carrying_1235_160.png,1
weap\0204722_carrying_1235_80.png,1
weap\0204722_carrying_1236_100.png,1
weap\0204722_carrying_1236_120.png,1
weap\0204722_carrying_1236_140.png,1
weap\0204722_carrying_1236_160.png,1
weap\0204722_carrying_1236_80.png,1
weap\0204722_carrying_1237_100.png,1
weap\0204722_carrying_1237_120.png,1
weap\0204722_carrying_1237_140.png,1
weap\0204722_carrying_1237_160.png,1
weap\0204722_carrying_1237_180.png,1
weap\0204722_carrying_1237_200.png,1
weap\0204722_carrying_1237_80.png,1
weap\0204722_carrying_1238_100.png,1
weap\0204722_carrying_1238_120.png,1
weap\0204722_carrying_1238_140.png,1
weap\0204722_carrying_1238_160.png,1
weap\0204722_carrying_1238_180.png,1
weap\0204722_carrying_1238_200.png,1
weap\0204722_carrying_1238_80.png,1
weap\0204722_carrying_1239_100.png,1
weap\0204722_carrying_1239_120.png,1
weap\0204722_carrying_1239_140.png,1
weap\0204722_carrying_1239_160.png,1
weap\0204722_carrying_1239_80.png,1
weap\0204722_carrying_1246_100.png,1
weap\0204722_carrying_1246_120.png,1
weap\0204722_carrying_1246_140.png,1
weap\0204722_carrying_1246_80.png,1
weap\0204722_threat_1234_100.png,1
weap\0204722_threat_1234_120.png,1
weap\0204722_threat_1234_140.png,1
weap\0204722_threat_1234_160.png,1
weap\0204722_threat_1234_80.png,1
weap\0204722_threat_1235_100.png,1
weap\0204722_threat_1235_120.png,1
weap\0204722_threat_1235_140.png,1
weap\0204722_threat_1235_160.png,1
weap\0204722_threat_1235_180.png,1
weap\0204722_threat_1235_200.png,1
weap\0204722_threat_1235_220.png,1
weap\0204722_threat_1235_240.png,1
weap\0204722_threat_1235_260.png,1
weap\0204722_threat_1235_280.png,1
weap\0204722_threat_1235_300.png,1
weap\0204722_threat_1235_80.png,1
weap\0204722_threat_1236_100.png,1
weap\0204722_threat_1236_120.png,1
weap\0204722_threat_1236_140.png,1
weap\0204722_threat_1236_160.png,1
weap\0204722_threat_1236_80.png,1
weap\0204722_threat_1237_100.png,1
weap\0204722_threat_1237_120.png,1
weap\0204722_threat_1237_140.png,1
weap\0204722_threat_1237_160.png,1
weap\0204722_threat_1237_180.png,1
weap\0204722_threat_1237_200.png,1
weap\0204722_threat_1237_80.png,1
weap\0204722_threat_1238_100.png,1
weap\0204722_threat_1238_120.png,1
weap\0204722_threat_1238_140.png,1
weap\0204722_threat_1238_160.png,1
weap\0204722_threat_1238_180.png,1
weap\0204722_threat_1238_200.png,1
weap\0204722_threat_1238_220.png,1
weap\0204722_threat_1238_240.png,1
weap\0204722_threat_1238_260.png,1
weap\0204722_threat_1238_280.png,1
weap\0204722_threat_1238_300.png,1
weap\0204722_threat_1238_320.png,1
weap\0204722_threat_1238_80.png,1
weap\0204722_threat_1267_100.png,1
weap\0204722_threat_1267_120.png,1
weap\0204722_threat_1267_140.png,1
weap\0204722_threat_1267_160.png,1
weap\0204722_threat_1267_180.png,1
weap\0204722_threat_1267_200.png,1
weap\0204722_threat_1267_220.png,1
weap\0204722_threat_1267_80.png,1
weap\0204812_20220901_carrying_1210_100.png,1
weap\0204812_20220901_carrying_1210_120.png,1
weap\0204812_20220901_carrying_1210_140.png,1
weap\0204812_20220901_carrying_1210_160.png,1
weap\0204812_20220901_carrying_1210_180.png,1
weap\0204812_20220901_carrying_1210_200.png,1
weap\0204812_20220901_carrying_1210_220.png,1
weap\0204812_20220901_carrying_1210_240.png,1
weap\0204812_20220901_carrying_1210_260.png,1
weap\0204812_20220901_carrying_1210_80.png,1
weap\0204812_20220901_carrying_1234_100.png,1
weap\0204812_20220901_carrying_1234_120.png,1
weap\0204812_20220901_carrying_1234_140.png,1
weap\0204812_20220901_carrying_1234_160.png,1
weap\0204812_20220901_carrying_1234_180.png,1
weap\0204812_20220901_carrying_1234_200.png,1
weap\0204812_20220901_carrying_1234_220.png,1
weap\0204812_20220901_carrying_1234_240.png,1
weap\0204812_20220901_carrying_1234_260.png,1
weap\0204812_20220901_carrying_1234_80.png,1
weap\0204812_20220901_carrying_1235_100.png,1
weap\0204812_20220901_carrying_1235_120.png,1
weap\0204812_20220901_carrying_1235_140.png,1
weap\0204812_20220901_carrying_1235_160.png,1
weap\0204812_20220901_carrying_1235_180.png,1
weap\0204812_20220901_carrying_1235_200.png,1
weap\0204812_20220901_carrying_1235_220.png,1
weap\0204812_20220901_carrying_1235_240.png,1
weap\0204812_20220901_carrying_1235_260.png,1
weap\0204812_20220901_carrying_1235_280.png,1
weap\0204812_20220901_carrying_1235_300.png,1
weap\0204812_20220901_carrying_1235_320.png,1
weap\0204812_20220901_carrying_1235_340.png,1
weap\0204812_20220901_carrying_1235_360.png,1
weap\0204812_20220901_carrying_1235_380.png,1
weap\0204812_20220901_carrying_1235_400.png,1
weap\0204812_20220901_carrying_1235_420.png,1
weap\0204812_20220901_carrying_1235_80.png,1
weap\0204812_20220901_carrying_1236_100.png,1
weap\0204812_20220901_carrying_1236_120.png,1
weap\0204812_20220901_carrying_1236_140.png,1
weap\0204812_20220901_carrying_1236_160.png,1
weap\0204812_20220901_carrying_1236_180.png,1
weap\0204812_20220901_carrying_1236_200.png,1
weap\0204812_20220901_carrying_1236_80.png,1
weap\0204812_20220901_carrying_1237_100.png,1
weap\0204812_20220901_carrying_1237_120.png,1
weap\0204812_20220901_carrying_1237_140.png,1
weap\0204812_20220901_carrying_1237_160.png,1
weap\0204812_20220901_carrying_1237_180.png,1
weap\0204812_20220901_carrying_1237_200.png,1
weap\0204812_20220901_carrying_1237_220.png,1
weap\0204812_20220901_carrying_1237_240.png,1
weap\0204812_20220901_carrying_1237_260.png,1
weap\0204812_20220901_carrying_1237_280.png,1
weap\0204812_20220901_carrying_1237_300.png,1
weap\0204812_20220901_carrying_1237_320.png,1
weap\0204812_20220901_carrying_1237_340.png,1
weap\0204812_20220901_carrying_1237_360.png,1
weap\0204812_20220901_carrying_1237_380.png,1
weap\0204812_20220901_carrying_1237_400.png,1
weap\0204812_20220901_carrying_1237_420.png,1
weap\0204812_20220901_carrying_1237_80.png,1
weap\0204812_20220901_carrying_1238_100.png,1
weap\0204812_20220901_carrying_1238_260.png,1
weap\0204812_20220901_carrying_1238_300.png,1
weap\0204812_20220901_carrying_1238_320.png,1
weap\0204812_20220901_carrying_1238_340.png,1
weap\0204812_20220901_carrying_1238_360.png,1
weap\0204812_20220901_carrying_1238_380.png,1
weap\0204812_20220901_carrying_1238_400.png,1
weap\0204812_20220901_carrying_1238_80.png,1
weap\0204812_20220901_carrying_1239_100.png,1
weap\0204812_20220901_carrying_1239_120.png,1
weap\0204812_20220901_carrying_1239_80.png,1
weap\0204812_20220901_threat_1210_100.png,1
weap\0204812_20220901_threat_1210_120.png,1
weap\0204812_20220901_threat_1210_140.png,1
weap\0204812_20220901_threat_1210_160.png,1
weap\0204812_20220901_threat_1210_80.png,1
weap\0204812_20220901_threat_1234_100.png,1
weap\0204812_20220901_threat_1234_120.png,1
weap\0204812_20220901_threat_1234_140.png,1
weap\0204812_20220901_threat_1234_160.png,1
weap\0204812_20220901_threat_1234_180.png,1
weap\0204812_20220901_threat_1234_200.png,1
weap\0204812_20220901_threat_1234_220.png,1
weap\0204812_20220901_threat_1234_80.png,1
weap\0204812_20220901_threat_1235_100.png,1
weap\0204812_20220901_threat_1235_120.png,1
weap\0204812_20220901_threat_1235_140.png,1
weap\0204812_20220901_threat_1235_160.png,1
weap\0204812_20220901_threat_1235_180.png,1
weap\0204812_20220901_threat_1235_200.png,1
weap\0204812_20220901_threat_1235_220.png,1
weap\0204812_20220901_threat_1235_240.png,1
weap\0204812_20220901_threat_1235_260.png,1
weap\0204812_20220901_threat_1235_80.png,1
weap\0204812_20220901_threat_1236_100.png,1
weap\0204812_20220901_threat_1236_120.png,1
weap\0204812_20220901_threat_1236_140.png,1
weap\0204812_20220901_threat_1236_160.png,1
weap\0204812_20220901_threat_1236_180.png,1
weap\0204812_20220901_threat_1236_200.png,1
weap\0204812_20220901_threat_1236_220.png,1
weap\0204812_20220901_threat_1236_240.png,1
weap\0204812_20220901_threat_1236_80.png,1
weap\0204812_20220901_threat_1237_100.png,1
weap\0204812_20220901_threat_1237_120.png,1
weap\0204812_20220901_threat_1237_140.png,1
weap\0204812_20220901_threat_1237_160.png,1
weap\0204812_20220901_threat_1237_180.png,1
weap\0204812_20220901_threat_1237_200.png,1
weap\0204812_20220901_threat_1237_220.png,1
weap\0204812_20220901_threat_1237_240.png,1
weap\0204812_20220901_threat_1237_260.png,1
weap\0204812_20220901_threat_1237_280.png,1
weap\0204812_20220901_threat_1237_300.png,1
weap\0204812_20220901_threat_1237_320.png,1
weap\0204812_20220901_threat_1237_340.png,1
weap\0204812_20220901_threat_1237_360.png,1
weap\0204812_20220901_threat_1237_380.png,1
weap\0204812_20220901_threat_1237_400.png,1
weap\0204812_20220901_threat_1237_80.png,1
weap\0204812_20220901_threat_1238_100.png,1
weap\0204812_20220901_threat_1238_120.png,1
weap\0204812_20220901_threat_1238_140.png,1
weap\0204812_20220901_threat_1238_160.png,1
weap\0204812_20220901_threat_1238_180.png,1
weap\0204812_20220901_threat_1238_200.png,1
weap\0204812_20220901_threat_1238_220.png,1
weap\0204812_20220901_threat_1238_240.png,1
weap\0204812_20220901_threat_1238_260.png,1
weap\0204812_20220901_threat_1238_80.png,1
weap\0204812_20220901_threat_1239_100.png,1
weap\0204812_20220901_threat_1239_120.png,1
weap\0204812_20220901_threat_1239_140.png,1
weap\0204812_20220901_threat_1239_160.png,1
weap\0204812_20220901_threat_1239_180.png,1
weap\0204812_20220901_threat_1239_200.png,1
weap\0204812_20220901_threat_1239_220.png,1
weap\0204812_20220901_threat_1239_240.png,1
weap\0204812_20220901_threat_1239_260.png,1
weap\0204812_20220901_threat_1239_280.png,1
weap\0204812_20220901_threat_1239_300.png,1
weap\0204812_20220901_threat_1239_320.png,1
weap\0204812_20220901_threat_1239_340.png,1
weap\0204812_20220901_threat_1239_360.png,1
weap\0204812_20220901_threat_1239_380.png,1
weap\0204812_20220901_threat_1239_80.png,1
weap\0205250_20220828_carrying_2930_100.png,1
weap\0205250_20220828_carrying_2930_120.png,1
weap\0205250_20220828_carrying_2930_140.png,1
weap\0205250_20220828_carrying_2930_160.png,1
weap\0205250_20220828_carrying_2930_80.png,1
weap\0205250_20220828_carrying_5028_100.png,1
weap\0205250_20220828_carrying_5028_120.png,1
weap\0205250_20220828_carrying_5028_140.png,1
weap\0205250_20220828_carrying_5028_80.png,1
weap\0205250_20220828_carrying_6451_100.png,1
weap\0205250_20220828_carrying_6451_120.png,1
weap\0205250_20220828_carrying_6451_140.png,1
weap\0205250_20220828_carrying_6451_160.png,1
weap\0205250_20220828_carrying_6451_180.png,1
weap\0205250_20220828_carrying_6451_80.png,1
weap\0205250_20220828_carrying_7492_100.png,1
weap\0205250_20220828_carrying_7492_120.png,1
weap\0205250_20220828_carrying_7492_140.png,1
weap\0205250_20220828_carrying_7492_160.png,1
weap\0205250_20220828_carrying_7492_80.png,1
weap\0205250_20220828_threat_0385_100.png,1
weap\0205250_20220828_threat_0385_120.png,1
weap\0205250_20220828_threat_0385_140.png,1
weap\0205250_20220828_threat_0385_160.png,1
weap\0205250_20220828_threat_0385_180.png,1
weap\0205250_20220828_threat_0385_80.png,1
weap\0205250_20220828_threat_2589_100.png,1
weap\0205250_20220828_threat_2589_120.png,1
weap\0205250_20220828_threat_2589_140.png,1
weap\0205250_20220828_threat_2589_160.png,1
weap\0205250_20220828_threat_2589_80.png,1
weap\0205250_20220828_threat_3954_100.png,1
weap\0205250_20220828_threat_3954_120.png,1
weap\0205250_20220828_threat_3954_140.png,1
weap\0205250_20220828_threat_3954_160.png,1
weap\0205250_20220828_threat_3954_80.png,1
weap\0205250_20220828_threat_4859_100.png,1
weap\0205250_20220828_threat_4859_120.png,1
weap\0205250_20220828_threat_4859_140.png,1
weap\0205250_20220828_threat_4859_160.png,1
weap\0205250_20220828_threat_4859_180.png,1
weap\0205250_20220828_threat_4859_80.png,1
weap\0205250_20220828_threat_6934_100.png,1
weap\0205250_20220828_threat_6934_120.png,1
weap\0205250_20220828_threat_6934_140.png,1
weap\0205250_20220828_threat_6934_160.png,1
weap\0205250_20220828_threat_6934_80.png,1
weap\0205250_20220828_threat_7531_100.png,1
weap\0205250_20220828_threat_7531_120.png,1
weap\0205250_20220828_threat_7531_140.png,1
weap\0205250_20220828_threat_7531_160.png,1
weap\0205250_20220828_threat_7531_80.png,1
weap\0205250_20220831_carrying_0472_100.png,1
weap\0205250_20220831_carrying_0472_120.png,1
weap\0205250_20220831_carrying_0472_140.png,1
weap\0205250_20220831_carrying_0472_160.png,1
weap\0205250_20220831_carrying_0472_180.png,1
weap\0205250_20220831_carrying_0472_200.png,1
weap\0205250_20220831_carrying_0472_80.png,1
weap\0205250_20220902_carrying_3485_100.png,1
weap\0205250_20220902_carrying_3485_120.png,1
weap\0205250_20220902_carrying_3485_140.png,1
weap\0205250_20220902_carrying_3485_160.png,1
weap\0205250_20220902_carrying_3485_80.png,1
weap\0205250_20220902_threat_1204_100.png,1
weap\0205250_20220902_threat_1204_120.png,1
weap\0205250_20220902_threat_1204_140.png,1
weap\0205250_20220902_threat_1204_160.png,1
weap\0205250_20220902_threat_1204_80.png,1
weap\0205705_20220904_0001_100.png,1
weap\0205705_20220904_0001_120.png,1
weap\0205705_20220904_0001_140.png,1
weap\0205705_20220904_0001_160.png,1
weap\0205705_20220904_0001_180.png,1
weap\0205705_20220904_0001_200.png,1
weap\0205705_20220904_0001_220.png,1
weap\0205705_20220904_0001_240.png,1
weap\0205705_20220904_0001_260.png,1
weap\0205705_20220904_0001_280.png,1
weap\0205705_20220904_0001_300.png,1
weap\0205705_20220904_0001_320.png,1
weap\0205705_20220904_0001_340.png,1
weap\0205705_20220904_0001_360.png,1
weap\0205705_20220904_0001_80.png,1
weap\0205705_20220904_0002_100.png,1
weap\0205705_20220904_0002_120.png,1
weap\0205705_20220904_0002_140.png,1
weap\0205705_20220904_0002_160.png,1
weap\0205705_20220904_0002_180.png,1
weap\0205705_20220904_0002_200.png,1
weap\0205705_20220904_0002_220.png,1
weap\0205705_20220904_0002_240.png,1
weap\0205705_20220904_0002_260.png,1
weap\0205705_20220904_0002_280.png,1
weap\0205705_20220904_0002_300.png,1
weap\0205705_20220904_0002_320.png,1
weap\0205705_20220904_0002_340.png,1
weap\0205705_20220904_0002_360.png,1
weap\0205705_20220904_0002_380.png,1
weap\0205705_20220904_0002_400.png,1
weap\0205705_20220904_0002_420.png,1
weap\0205705_20220904_0002_440.png,1
weap\0205705_20220904_0002_460.png,1
weap\0205705_20220904_0002_480.png,1
weap\0205705_20220904_0002_500.png,1
weap\0205705_20220904_0002_520.png,1
weap\0205705_20220904_0002_540.png,1
weap\0205705_20220904_0002_560.png,1
weap\0205705_20220904_0002_580.png,1
weap\0205705_20220904_0002_600.png,1
weap\0205705_20220904_0002_620.png,1
weap\0205705_20220904_0002_640.png,1
weap\0205705_20220904_0002_660.png,1
weap\0205705_20220904_0002_680.png,1
weap\0205705_20220904_0002_700.png,1
weap\0205705_20220904_0002_720.png,1
weap\0205705_20220904_0002_740.png,1
weap\0205705_20220904_0002_760.png,1
weap\0205705_20220904_0002_780.png,1
weap\0205705_20220904_0002_80.png,1
weap\0205705_20220904_0002_800.png,1
weap\0205705_20220904_0002_820.png,1
weap\0205705_20220904_0002_840.png,1
weap\0205705_20220904_0003_1000.png,1
weap\0205705_20220904_0003_1020.png,1
weap\0205705_20220904_0003_1040.png,1
weap\0205705_20220904_0003_1060.png,1
weap\0205705_20220904_0003_1080.png,1
weap\0205705_20220904_0003_1100.png,1
weap\0205705_20220904_0003_1120.png,1
weap\0205705_20220904_0003_1140.png,1
weap\0205705_20220904_0003_1160.png,1
weap\0205705_20220904_0003_1180.png,1
weap\0205705_20220904_0003_1200.png,1
weap\0205705_20220904_0003_1220.png,1
weap\0205705_20220904_0003_1240.png,1
weap\0205705_20220904_0003_1260.png,1
weap\0205705_20220904_0003_1280.png,1
weap\0205705_20220904_0003_1300.png,1
weap\0205705_20220904_0003_1320.png,1
weap\0205705_20220904_0003_1340.png,1
weap\0205705_20220904_0003_1360.png,1
weap\0205705_20220904_0003_1380.png,1
weap\0205705_20220904_0003_1400.png,1
weap\0205705_20220904_0003_1420.png,1
weap\0205705_20220904_0003_1440.png,1
weap\0205705_20220904_0003_1460.png,1
weap\0205705_20220904_0003_1480.png,1
weap\0205705_20220904_0003_1500.png,1
weap\0205705_20220904_0003_1520.png,1
weap\0205705_20220904_0003_1540.png,1
weap\0205705_20220904_0003_1560.png,1
weap\0205705_20220904_0003_1580.png,1
weap\0205705_20220904_0003_1600.png,1
weap\0205705_20220904_0003_1620.png,1
weap\0205705_20220904_0003_1640.png,1
weap\0205705_20220904_0003_1660.png,1
weap\0205705_20220904_0003_1680.png,1
weap\0205705_20220904_0003_1700.png,1
weap\0205705_20220904_0003_1720.png,1
weap\0205705_20220904_0003_1740.png,1
weap\0205705_20220904_0003_440.png,1
weap\0205705_20220904_0003_460.png,1
weap\0205705_20220904_0003_480.png,1
weap\0205705_20220904_0003_500.png,1
weap\0205705_20220904_0003_520.png,1
weap\0205705_20220904_0003_540.png,1
weap\0205705_20220904_0003_560.png,1
weap\0205705_20220904_0003_580.png,1
weap\0205705_20220904_0003_600.png,1
weap\0205705_20220904_0003_620.png,1
weap\0205705_20220904_0003_640.png,1
weap\0205705_20220904_0003_660.png,1
weap\0205705_20220904_0003_680.png,1
weap\0205705_20220904_0003_700.png,1
weap\0205705_20220904_0003_720.png,1
weap\0205705_20220904_0003_740.png,1
weap\0205705_20220904_0003_760.png,1
weap\0205705_20220904_0003_780.png,1
weap\0205705_20220904_0003_800.png,1
weap\0205705_20220904_0003_820.png,1
weap\0205705_20220904_0003_840.png,1
weap\0205705_20220904_0003_860.png,1
weap\0205705_20220904_0003_880.png,1
weap\0205705_20220904_0003_900.png,1
weap\0205705_20220904_0003_920.png,1
weap\0205705_20220904_0003_940.png,1
weap\0205705_20220904_0003_960.png,1
weap\0205705_20220904_0003_980.png,1
weap\0205705_20220904_0004_880.png,1
weap\0205705_20220904_0006_1000.png,1
weap\0205705_20220904_0006_1020.png,1
weap\0205705_20220904_0006_1040.png,1
weap\0205705_20220904_0006_1060.png,1
weap\0205705_20220904_0006_1080.png,1
weap\0205705_20220904_0006_1100.png,1
weap\0205705_20220904_0006_1120.png,1
weap\0205705_20220904_0006_1140.png,1
weap\0205705_20220904_0006_1160.png,1
weap\0205705_20220904_0006_1180.png,1
weap\0205705_20220904_0006_1200.png,1
weap\0205705_20220904_0006_1220.png,1
weap\0205705_20220904_0006_1240.png,1
weap\0205705_20220904_0006_1260.png,1
weap\0205705_20220904_0006_600.png,1
weap\0205705_20220904_0006_620.png,1
weap\0205705_20220904_0006_640.png,1
weap\0205705_20220904_0006_660.png,1
weap\0205705_20220904_0006_680.png,1
weap\0205705_20220904_0006_700.png,1
weap\0205705_20220904_0006_720.png,1
weap\0205705_20220904_0006_740.png,1
weap\0205705_20220904_0006_760.png,1
weap\0205705_20220904_0006_780.png,1
weap\0205705_20220904_0006_800.png,1
weap\0205705_20220904_0006_820.png,1
weap\0205705_20220904_0006_840.png,1
weap\0205705_20220904_0006_860.png,1
weap\0205705_20220904_0006_880.png,1
weap\0205705_20220904_0006_900.png,1
weap\0205705_20220904_0006_920.png,1
weap\0205705_20220904_0006_940.png,1
weap\0205705_20220904_0006_960.png,1
weap\0205705_20220904_0006_980.png,1
weap\0205705_20220904_0007_100.png,1
weap\0205705_20220904_0007_120.png,1
weap\0205705_20220904_0007_140.png,1
weap\0205705_20220904_0007_160.png,1
weap\0205705_20220904_0007_180.png,1
weap\0205705_20220904_0007_200.png,1
weap\0205705_20220904_0007_220.png,1
weap\0205705_20220904_0007_240.png,1
weap\0205705_20220904_0007_260.png,1
weap\0205705_20220904_0007_280.png,1
weap\0205705_20220904_0007_300.png,1
weap\0205705_20220904_0007_320.png,1
weap\0205705_20220904_0007_340.png,1
weap\0205705_20220904_0007_360.png,1
weap\0205705_20220904_0007_380.png,1
weap\0205705_20220904_0007_400.png,1
weap\0205705_20220904_0007_80.png,1
weap\0217536_20220903_carrying_0928_120.png,1
weap\0217536_20220903_carrying_0928_140.png,1
weap\0217536_20220903_carrying_0928_160.png,1
weap\0217536_20220903_carrying_0928_180.png,1
weap\0217536_20220903_carrying_0928_200.png,1
weap\0217536_20220903_carrying_0928_220.png,1
weap\0220619_20020904_threat_0023_100.png,1
weap\0220619_20020904_threat_0023_120.png,1
weap\0220619_20020904_threat_0023_140.png,1
weap\0220619_20020904_threat_0023_160.png,1
weap\0220619_20020904_threat_0023_180.png,1
weap\0220619_20020904_threat_0023_220.png,1
weap\0227252_20220904_carrying_1255_100.png,1
weap\0227252_20220904_carrying_1255_140.png,1
weap\0227252_20220904_carrying_1255_160.png,1
weap\0227252_20220904_carrying_1255_180.png,1
weap\0227252_20220904_carrying_1255_200.png,1
weap\0227252_20220904_carrying_1255_240.png,1
weap\0407599_20220903_carrying_5933(KOH ZHE HAO)_120.png,1
weap\0407599_20220903_carrying_5933(KOH ZHE HAO)_140.png,1
weap\0407599_20220903_carrying_5933(KOH ZHE HAO)_80.png,1
weap\0407599_20220903_carrying_8638(ALVIN CHEE TECK)_100.png,1
weap\0407599_20220903_carrying_8638(ALVIN CHEE TECK)_80.png,1
weap\a015032m_040922_threat_3346_120.png,1
weap\a015032m_040922_threat_3346_160.png,1
weap\a015032m_040922_threat_3346_80.png,1
weap\a015032m_040922_threat_3347_100.png,1
weap\a015032m_040922_threat_3347_80.png,1
weap\A0194484R_20220903_threat_1570_180.png,1
weap\A0194513E_20220831_carrying_0278_100.png,1
weap\A0194513E_20220831_carrying_0278_120.png,1
weap\A0194513E_20220831_carrying_0278_140.png,1
weap\A0194513E_20220831_carrying_0278_160.png,1
weap\A0194513E_20220831_carrying_0278_180.png,1
weap\A0194513E_20220831_carrying_0278_80.png,1
weap\A0199420B_20220822_threat_7432_100.png,1
weap\A0199624N_20220909_carrying_1234_100.png,1
weap\A0199624N_20220909_carrying_1234_120.png,1
weap\A0199624N_20220909_carrying_1234_80.png,1
weap\A0199624N_20220909_carrying_2345_80.png,1
weap\A0200695H_20220902_threat_0510_500.png,1
weap\A0200695H_20220902_threat_0510_520.png,1
weap\A0200695H_20220902_threat_0510_540.png,1
weap\A0200695H_20220902_threat_0510_560.png,1
weap\A0200695H_20220902_threat_0510_580.png,1
weap\A0201875E_20220908_threat_2123_120.png,1
weap\A0201875E_20220908_threat_2123_140.png,1
weap\A0201875E_20220908_threat_2123_160.png,1
weap\A0201875E_20220908_threat_2123_180.png,1
weap\A0201875E_20220908_threat_2123_200.png,1
weap\A0201875E_20220908_threat_2123_220.png,1
weap\A0205794X_20220904_carrying_9852_140.png,1
weap\A0205794X_20220904_carrying_9852_160.png,1
weap\A0205794X_20220904_carrying_9852_180.png,1
weap\A0205794X_20220904_carrying_9852_200.png,1
weap\A0205794X_20220904_carrying_9852_220.png,1
weap\A0205794X_20220904_carrying_9852_240.png,1
